/*
 Navicat Premium Data Transfer

 Source Server         : localhost-mysql
 Source Server Type    : MySQL
 Source Server Version : 80017
 Source Host           : 0.0.0.0:3306
 Source Schema         : STUDENT_MANAGEMENT

 Target Server Type    : MySQL
 Target Server Version : 80017
 File Encoding         : 65001

 Date: 05/12/2019 15:07:39
*/

SET NAMES utf8mb4;
SET FOREIGN_KEY_CHECKS = 0;

-- ----------------------------
-- Table structure for GRADE
-- ----------------------------
DROP TABLE IF EXISTS `GRADE`;
CREATE TABLE `GRADE` (
  `ID` int(11) NOT NULL COMMENT '年级编号',
  `NAME` varchar(50) COLLATE utf8mb4_unicode_ci NOT NULL COMMENT '年级名',
  PRIMARY KEY (`ID`)
) ENGINE=InnoDB DEFAULT CHARSET=utf8mb4 COLLATE=utf8mb4_unicode_ci;

-- ----------------------------
-- Records of GRADE
-- ----------------------------
BEGIN;
INSERT INTO `GRADE` VALUES (1, 'S1');
INSERT INTO `GRADE` VALUES (2, 'S2');
INSERT INTO `GRADE` VALUES (3, 'Y2');
COMMIT;

-- ----------------------------
-- Table structure for RESULT
-- ----------------------------
DROP TABLE IF EXISTS `RESULT`;
CREATE TABLE `RESULT` (
  `ID` int(11) NOT NULL COMMENT '标识列',
  `STUDENT_ID` varchar(50) CHARACTER SET utf8mb4 COLLATE utf8mb4_unicode_ci DEFAULT NULL COMMENT '学号',
  `SUBJECT_ID` int(11) DEFAULT NULL COMMENT '所属科目',
  `SCORE` int(11) DEFAULT NULL COMMENT '分数',
  `EXAM_DATE` datetime DEFAULT NULL COMMENT '考试日期',
  PRIMARY KEY (`ID`)
) ENGINE=InnoDB DEFAULT CHARSET=utf8mb4 COLLATE=utf8mb4_unicode_ci;

-- ----------------------------
-- Records of RESULT
-- ----------------------------
BEGIN;
INSERT INTO `RESULT` VALUES (1, 'S1201302001', 1, 65, '2013-09-13 00:00:00');
INSERT INTO `RESULT` VALUES (2, 'S1201302002', 1, 45, '2013-09-13 00:00:00');
INSERT INTO `RESULT` VALUES (3, 'S1201302001', 2, 59, '2013-10-18 00:00:00');
INSERT INTO `RESULT` VALUES (5, 'S1201302002', 2, 60, '2013-10-18 00:00:00');
INSERT INTO `RESULT` VALUES (12, 'S2102001', 3, 91, '2013-09-13 00:00:00');
INSERT INTO `RESULT` VALUES (13, 'S2102002', 3, 88, '2013-09-13 00:00:00');
INSERT INTO `RESULT` VALUES (14, 'S2102003', 3, 66, '2013-09-13 00:00:00');
INSERT INTO `RESULT` VALUES (15, 'S2102004', 3, 55, '2013-09-13 00:00:00');
INSERT INTO `RESULT` VALUES (16, 'S2102005', 3, 71, '2013-09-13 00:00:00');
INSERT INTO `RESULT` VALUES (17, 'S2102006', 3, 61, '2013-09-13 00:00:00');
INSERT INTO `RESULT` VALUES (18, 'S2102007', 3, 87, '2013-09-13 00:00:00');
INSERT INTO `RESULT` VALUES (19, 'S2102008', 3, 35, '2013-09-13 00:00:00');
INSERT INTO `RESULT` VALUES (20, 'S2102009', 3, 64, '2013-09-13 00:00:00');
INSERT INTO `RESULT` VALUES (21, 'S2102010', 3, 65, '2013-09-13 00:00:00');
INSERT INTO `RESULT` VALUES (22, 'S1101001', 1, 78, '2013-12-22 00:00:00');
INSERT INTO `RESULT` VALUES (23, 'S1101002', 1, 61, '2013-12-23 00:00:00');
INSERT INTO `RESULT` VALUES (24, 'S1101003', 1, 76, '2013-12-22 00:00:00');
INSERT INTO `RESULT` VALUES (25, 'S1101004', 1, 55, '2013-12-23 00:00:00');
INSERT INTO `RESULT` VALUES (26, 'S1101005', 1, 64, '2013-12-22 00:00:00');
INSERT INTO `RESULT` VALUES (27, 'S1101006', 1, 65, '2013-12-23 00:00:00');
INSERT INTO `RESULT` VALUES (28, 'S1101007', 1, 88, '2013-12-22 00:00:00');
INSERT INTO `RESULT` VALUES (29, 'S1101008', 1, 67, '2013-12-23 00:00:00');
INSERT INTO `RESULT` VALUES (30, 'S1101009', 1, 68, '2013-12-22 00:00:00');
INSERT INTO `RESULT` VALUES (31, 'S1101010', 1, 44, '2013-12-23 00:00:00');
INSERT INTO `RESULT` VALUES (32, 'S1101011', 1, 66, '2013-12-22 00:00:00');
INSERT INTO `RESULT` VALUES (33, 'S1101012', 1, 59, '2013-12-23 00:00:00');
INSERT INTO `RESULT` VALUES (34, 'S1101013', 1, 44, '2013-12-22 00:00:00');
INSERT INTO `RESULT` VALUES (35, 'S1101014', 1, 89, '2013-12-23 00:00:00');
INSERT INTO `RESULT` VALUES (36, 'S1101015', 1, 77, '2013-12-22 00:00:00');
INSERT INTO `RESULT` VALUES (37, 'S1101016', 1, 61, '2013-12-23 00:00:00');
INSERT INTO `RESULT` VALUES (38, 'S1101017', 1, 64, '2013-12-22 00:00:00');
INSERT INTO `RESULT` VALUES (39, 'S1101018', 1, 85, '2013-12-23 00:00:00');
INSERT INTO `RESULT` VALUES (40, 'S1101019', 1, 87, '2013-12-22 00:00:00');
INSERT INTO `RESULT` VALUES (41, 'S1101020', 1, 80, '2013-12-23 00:00:00');
INSERT INTO `RESULT` VALUES (42, 'S1101001', 2, 83, '2013-11-15 00:00:00');
INSERT INTO `RESULT` VALUES (43, 'S1101002', 2, 61, '2013-11-15 00:00:00');
INSERT INTO `RESULT` VALUES (44, 'S1101003', 2, 73, '2013-11-15 00:00:00');
INSERT INTO `RESULT` VALUES (45, 'S1101004', 2, 35, '2013-11-15 00:00:00');
INSERT INTO `RESULT` VALUES (46, 'S1101005', 2, 64, '2013-11-15 00:00:00');
INSERT INTO `RESULT` VALUES (47, 'S1101006', 2, 65, '2013-11-15 00:00:00');
INSERT INTO `RESULT` VALUES (48, 'S1101007', 2, 64, '2013-11-15 00:00:00');
INSERT INTO `RESULT` VALUES (49, 'S1101008', 2, 67, '2013-11-15 00:00:00');
INSERT INTO `RESULT` VALUES (50, 'S1101009', 2, 68, '2013-11-15 00:00:00');
INSERT INTO `RESULT` VALUES (51, 'S1101010', 2, 44, '2013-11-15 00:00:00');
INSERT INTO `RESULT` VALUES (52, 'S1101011', 2, 91, '2013-11-15 00:00:00');
INSERT INTO `RESULT` VALUES (53, 'S1101012', 2, 70, '2013-11-15 00:00:00');
INSERT INTO `RESULT` VALUES (54, 'S1101013', 2, 44, '2013-11-15 00:00:00');
INSERT INTO `RESULT` VALUES (55, 'S1101014', 2, 69, '2013-11-15 00:00:00');
INSERT INTO `RESULT` VALUES (56, 'S1101015', 2, 81, '2013-11-15 00:00:00');
INSERT INTO `RESULT` VALUES (57, 'S1101016', 2, 97, '2013-11-15 00:00:00');
INSERT INTO `RESULT` VALUES (58, 'S1101017', 2, 38, '2013-11-15 00:00:00');
INSERT INTO `RESULT` VALUES (59, 'S1101018', 2, 96, '2013-11-15 00:00:00');
INSERT INTO `RESULT` VALUES (60, 'S1101019', 2, 90, '2013-11-15 00:00:00');
INSERT INTO `RESULT` VALUES (61, 'S1101020', 2, 60, '2013-11-15 00:00:00');
INSERT INTO `RESULT` VALUES (62, 'S1101011', 1, 68, '2013-07-01 00:00:00');
INSERT INTO `RESULT` VALUES (63, 'S1101014', 1, 67, '2013-07-01 00:00:00');
INSERT INTO `RESULT` VALUES (64, 'S1101008', 2, 45, '2013-07-01 00:00:00');
INSERT INTO `RESULT` VALUES (65, 'S1101014', 2, 60, '2013-07-01 00:00:00');
INSERT INTO `RESULT` VALUES (66, 'S2102001', 8, 55, '2013-03-22 00:00:00');
INSERT INTO `RESULT` VALUES (67, 'S2102002', 8, 55, '2013-03-22 00:00:00');
INSERT INTO `RESULT` VALUES (68, 'S2102003', 8, 60, '2013-03-22 00:00:00');
INSERT INTO `RESULT` VALUES (69, 'S2102004', 8, 70, '2013-03-22 00:00:00');
INSERT INTO `RESULT` VALUES (70, 'S2102005', 8, 66, '2013-03-22 00:00:00');
INSERT INTO `RESULT` VALUES (71, 'S2102006', 8, 65, '2013-03-22 00:00:00');
INSERT INTO `RESULT` VALUES (72, 'S2102007', 8, 72, '2013-03-22 00:00:00');
INSERT INTO `RESULT` VALUES (73, 'S2102008', 8, 44, '2013-03-22 00:00:00');
INSERT INTO `RESULT` VALUES (74, 'S2102009', 8, 68, '2013-03-22 00:00:00');
INSERT INTO `RESULT` VALUES (75, 'S2102010', 8, 64, '2013-03-22 00:00:00');
INSERT INTO `RESULT` VALUES (76, 'S2102011', 8, 95, '2013-03-22 00:00:00');
INSERT INTO `RESULT` VALUES (77, 'S1101001', 3, 90, '2013-03-22 00:00:00');
INSERT INTO `RESULT` VALUES (78, 'S1101002', 3, 50, '2013-03-22 00:00:00');
INSERT INTO `RESULT` VALUES (79, 'S1101003', 3, 44, '2013-03-22 00:00:00');
INSERT INTO `RESULT` VALUES (80, 'S1101004', 3, 67, '2013-03-22 00:00:00');
INSERT INTO `RESULT` VALUES (81, 'S1101005', 3, 55, '2013-03-22 00:00:00');
INSERT INTO `RESULT` VALUES (82, 'S1101006', 3, 63, '2013-03-22 00:00:00');
INSERT INTO `RESULT` VALUES (83, 'S1101007', 3, 15, '2013-03-22 00:00:00');
INSERT INTO `RESULT` VALUES (84, 'S1101008', 3, 55, '2013-03-22 00:00:00');
INSERT INTO `RESULT` VALUES (85, 'S1101009', 3, 69, '2013-03-22 00:00:00');
INSERT INTO `RESULT` VALUES (86, 'S1101010', 3, 64, '2013-03-22 00:00:00');
INSERT INTO `RESULT` VALUES (87, 'S1101011', 3, 55, '2013-03-22 00:00:00');
INSERT INTO `RESULT` VALUES (88, 'S1101001', 4, 76, '2013-03-22 00:00:00');
INSERT INTO `RESULT` VALUES (89, 'S1101002', 4, 60, '2013-03-22 00:00:00');
INSERT INTO `RESULT` VALUES (90, 'S1101003', 4, 65, '2013-03-22 00:00:00');
INSERT INTO `RESULT` VALUES (91, 'S1101004', 4, 67, '2013-03-22 00:00:00');
INSERT INTO `RESULT` VALUES (92, 'S1101005', 4, 55, '2013-03-22 00:00:00');
INSERT INTO `RESULT` VALUES (93, 'S1101006', 4, 63, '2013-03-22 00:00:00');
INSERT INTO `RESULT` VALUES (94, 'S1101007', 4, 45, '2013-03-22 00:00:00');
INSERT INTO `RESULT` VALUES (95, 'S1101008', 4, 55, '2013-03-22 00:00:00');
INSERT INTO `RESULT` VALUES (96, 'S1101009', 4, 69, '2013-03-22 00:00:00');
INSERT INTO `RESULT` VALUES (97, 'S1101010', 4, 63, '2013-03-22 00:00:00');
INSERT INTO `RESULT` VALUES (98, 'S1101011', 4, 95, '2013-03-22 00:00:00');
COMMIT;

-- ----------------------------
-- Table structure for STUDENT
-- ----------------------------
DROP TABLE IF EXISTS `STUDENT`;
CREATE TABLE `STUDENT` (
  `ID` varchar(50) COLLATE utf8mb4_unicode_ci NOT NULL COMMENT '学号',
  `PASSWORD` varchar(30) CHARACTER SET utf8mb4 COLLATE utf8mb4_unicode_ci DEFAULT NULL COMMENT '密码',
  `NAME` varchar(50) CHARACTER SET utf8mb4 COLLATE utf8mb4_unicode_ci DEFAULT NULL COMMENT '姓名',
  `SEX` int(1) DEFAULT NULL COMMENT '性别',
  `GRADE_ID` int(22) DEFAULT NULL COMMENT '所在年级',
  `PHONE` varchar(255) COLLATE utf8mb4_unicode_ci DEFAULT NULL COMMENT '联系电话',
  `ADDRESS` varchar(255) COLLATE utf8mb4_unicode_ci DEFAULT NULL COMMENT '现住址',
  `BIRTHDAY` datetime DEFAULT NULL COMMENT '出生日期',
  `EMAIL` varchar(50) COLLATE utf8mb4_unicode_ci DEFAULT NULL COMMENT '电子邮件',
  PRIMARY KEY (`ID`)
) ENGINE=InnoDB DEFAULT CHARSET=utf8mb4 COLLATE=utf8mb4_unicode_ci;

-- ----------------------------
-- Records of STUDENT
-- ----------------------------
BEGIN;
INSERT INTO `STUDENT` VALUES ('S1101001', '228996245', '金蝶', 1, 1, '717215147', '广东省广州市天河区岗顶xxx路xxx单元5号', '1995-01-22 00:00:00', 'okiwcydml@ryhlo.com');
INSERT INTO `STUDENT` VALUES ('S1101002', '228996246', '洛飞', 0, 1, '666762663', '天津市南开区', '1995-04-22 00:00:00', 'jnqlpkdwb@nsjpt.com');
INSERT INTO `STUDENT` VALUES ('S1101003', '228996247', '凌辉', 0, 1, '353149818', '北京市海淀区成府路', '1998-06-17 00:00:00', 'eepispykh@oitbl.com');
INSERT INTO `STUDENT` VALUES ('S1101004', '228996251', '白燕', 1, 1, '676151367', '学生宿舍', '1995-11-14 00:00:00', 'cxmnnrhfn@sjsam.com');
INSERT INTO `STUDENT` VALUES ('S1101005', '228996252', '夏一桐', 1, 1, '397739963', '北京市朝阳区大屯', '1994-11-25 00:00:00', 'npgiygxox@ootml.com');
INSERT INTO `STUDENT` VALUES ('S1101006', '228996253', '欧阳燕飞', 1, 1, '13512345678', '河南省南阳市', '1992-08-31 00:00:00', 'dkwkiqbrj@yrkro.com');
INSERT INTO `STUDENT` VALUES ('S1101007', '228996254', '孟祥亚', 1, 1, '13512345679', '河南省洛阳市涧西区', '1998-05-07 00:00:00', 'gekdinmky@ijisq.com');
INSERT INTO `STUDENT` VALUES ('S1101008', '228996257', '凌洋', 0, 1, '15812345680', '湖南省长沙', '1995-02-12 00:00:00', NULL);
INSERT INTO `STUDENT` VALUES ('S1101009', '228996259', '杨阳', 1, 1, '13512345681', '上海市长虹区', '1994-04-03 00:00:00', NULL);
INSERT INTO `STUDENT` VALUES ('S1101010', '228996263', '方晴', 1, 1, '13412345682', '山东省聊城市', '1995-09-24 00:00:00', NULL);
INSERT INTO `STUDENT` VALUES ('S1101011', '228996267', '圆荷', 0, 1, '13512344483', '河北省石家庄', '1994-05-29 00:00:00', 'idfwxlbjr@bkxko.com');
INSERT INTO `STUDENT` VALUES ('S1101012', '228996270', '崔今生', 0, 1, '13512345684', '河北省邯郸市', '1995-03-20 00:00:00', 'qrakldetd@ogtso.com');
INSERT INTO `STUDENT` VALUES ('S1101013', '228996271', '姜北', 1, 1, '578346237', '学生宿舍', '1995-04-09 00:00:00', 'soppebati@hwxpo.com');
INSERT INTO `STUDENT` VALUES ('S1101014', '228996273', '姜丫丫', 1, 1, '926457035', '北京市朝阳区慧忠里', '1997-09-06 00:00:00', 'rfkhgcxhy@oomkw.com');
INSERT INTO `STUDENT` VALUES ('S1101015', '228996274', '孙河', 1, 1, '895684949', '北京市通州区', '1995-09-07 00:00:00', 'kdaqojpjj@olmcy.com');
INSERT INTO `STUDENT` VALUES ('S1101016', '228996275', '王可', 1, 1, '328884827', '北京市石景山', '1995-09-08 00:00:00', 'bojzfsixf@qjwgw.com');
INSERT INTO `STUDENT` VALUES ('S1101017', '228996276', '赵七', 0, 1, '511686053', '北京市海淀区中关村', '1990-09-09 00:00:00', 'ltshcitdp@qdpeh.com');
INSERT INTO `STUDENT` VALUES ('S1101018', '228996279', '买燕', 1, 1, '155426854', '河南省周口', '1995-09-10 00:00:00', 'rmpnhbiop@mwrom.com');
INSERT INTO `STUDENT` VALUES ('S1101019', '228996281', '冯征', 1, 1, '436987577', '湖北省襄樊', '1992-09-10 00:00:00', 'mdokehdic@omcte.com');
INSERT INTO `STUDENT` VALUES ('S1101020', '228996283', '冯中', 1, 1, '786340887', '天津市南开区', '1995-09-12 00:00:00', 'lwspyimci@kcplq.com');
INSERT INTO `STUDENT` VALUES ('S1201302001', 'zhangsan', '张三', 1, 1, '01062768866', '解放路', '1994-01-01 00:00:00', 'zhangsan@126.com');
INSERT INTO `STUDENT` VALUES ('S1201302002', 'lisi89', '李四', 1, 1, '13812345678', '长江路', '1992-02-01 00:00:00', '未知@');
INSERT INTO `STUDENT` VALUES ('S1201302003', '123456', '王五', 1, 1, '13912345678', '学生宿舍', '1992-05-03 00:00:00', '未知@');
INSERT INTO `STUDENT` VALUES ('S1201302004', 'wanglili', '王丽丽', 0, 1, '13112345678', '山东省济南市文化路1号院', '1991-06-02 00:00:00', 'wangll@sohu.com');
INSERT INTO `STUDENT` VALUES ('S1201302005', '123456', '张峰', 1, 2, '13212345678', '学生宿舍', '1994-08-08 00:00:00', '未知@');
INSERT INTO `STUDENT` VALUES ('S2102001', '228996284', '包卫丽', 0, 2, '13875940258', '湖州德清', '1995-09-13 00:00:00', 'sakuralove2829@yahoo.com');
INSERT INTO `STUDENT` VALUES ('S2102002', '228996285', '吴可鹏', 1, 2, '13875940259', '学生宿舍', '1996-09-13 00:00:00', 'peggyonhkhk@yahoo.com');
INSERT INTO `STUDENT` VALUES ('S2102003', '228996287', '於炉冰', 1, 2, '13875940260', '学生宿舍', '1995-09-15 00:00:00', 'yyyyyyyyyyu@yahoo.com');
INSERT INTO `STUDENT` VALUES ('S2102004', '228996290', '朱月清', 0, 2, '13875940261', '衢州开化', '1995-09-16 00:00:00', 'yinyin01094@yahoo.com.hk');
INSERT INTO `STUDENT` VALUES ('S2102005', '228996291', '赵献星', 1, 2, '13875940262', '杭州建德', '1995-02-12 00:00:00', 'ada19262002@hotmail.com');
INSERT INTO `STUDENT` VALUES ('S2102006', '228996292', '吴宝玉', 0, 2, '13875940263', '湖州埭溪', '1992-02-13 00:00:00', NULL);
INSERT INTO `STUDENT` VALUES ('S2102007', '228996293', '胡梦秋', 0, 2, '13875940264', '杭州临安', '1995-02-14 00:00:00', 'bobo_lok13@yahoo.com');
INSERT INTO `STUDENT` VALUES ('S2102008', '228996302', '吴春红', 0, 2, '13875940265', '金华金东区', '1995-02-15 00:00:00', 'yintakli@yahoo.com.hk');
INSERT INTO `STUDENT` VALUES ('S2102009', '228996304', '张文俊', 1, 2, '13974807750', '绍兴上虞', '1998-02-16 00:00:00', 'natalielam01098@yahoo.com');
INSERT INTO `STUDENT` VALUES ('S2102010', '228996305', '乐晓燕', 1, 2, '13007426477', '台州三门', '1995-02-17 00:00:00', NULL);
INSERT INTO `STUDENT` VALUES ('S2102011', '228996307', '裴珍', 1, 2, '13873140386', '北京大兴区', '1994-12-01 00:00:00', 'lingling52030996@hotmail.com');
INSERT INTO `STUDENT` VALUES ('S2102012', '228996308', '周巧飞', 1, 2, '13107428484', '学生宿舍', '1994-12-02 00:00:00', 'yuenfunki@yahoo.com.hk');
INSERT INTO `STUDENT` VALUES ('S2102013', '228996309', '王晓文', 1, 2, '13574220088', '杭州建德', '1997-12-03 00:00:00', 'kykwok9@hotmail.com');
INSERT INTO `STUDENT` VALUES ('S2102014', '228996312', '卢凤华', 0, 2, '13574220089', '衢州开化', '1994-12-04 00:00:00', 'sulia123@yahoo.com');
INSERT INTO `STUDENT` VALUES ('S2102015', '228996316', '胡灵', 0, 2, '13574220090', '台州天台', '1994-12-05 00:00:00', 'chankwaiching@yahoo.com');
INSERT INTO `STUDENT` VALUES ('S2102016', '228996317', '盛立', 1, 2, '13574220091', '安徽阜阳', '1994-12-06 00:00:00', 'yankchan2004@yahoo.com');
INSERT INTO `STUDENT` VALUES ('S2102017', '228996318', '吴孝红', 1, 2, '13678945617', '黑龙江哈尔滨', '1994-12-07 00:00:00', 'ayako04620@yahoo.com');
INSERT INTO `STUDENT` VALUES ('S2102018', '228996323', '曾飞燕', 1, 2, '13678945618', '杭州临安', '1998-12-08 00:00:00', 'ayako04620@yahoo.com');
INSERT INTO `STUDENT` VALUES ('S2102019', '228996324', '陈科', 1, 2, '13678945619', '新疆乌鲁木齐', '1994-08-25 00:00:00', NULL);
INSERT INTO `STUDENT` VALUES ('S2102020', '228996325', '严丽丽', 1, 2, '13678945620', '新疆伊宁', '1995-07-17 00:00:00', 'phoebe_swy@yahoo.com');
INSERT INTO `STUDENT` VALUES ('Y21003001', '228996326', '孙瑞晨', 1, 3, '13574220096', '金华兰溪', '1994-07-17 00:00:00', 'faat11@yahoo.com');
INSERT INTO `STUDENT` VALUES ('Y21003002', '228996327', '黄金宵', 1, 3, '13574220097', '绍兴诸暨', '1994-04-08 00:00:00', NULL);
INSERT INTO `STUDENT` VALUES ('Y21003003', '228996329', '陈婷婷', 1, 3, '13574220098', '衢州常山', '1994-06-20 00:00:00', 'mandylau1986@yahoo.com');
INSERT INTO `STUDENT` VALUES ('Y21003004', '228996334', '章巧丹', 0, 3, '13174220099', '宁波宁海', '1994-08-22 00:00:00', NULL);
INSERT INTO `STUDENT` VALUES ('Y21003005', '228996340', '刘丽云 ', 0, 3, '13174220100', '学生宿舍', '1994-01-25 00:00:00', 'raymondchoi04@yahoo.com');
INSERT INTO `STUDENT` VALUES ('Y21003006', '228996341', '丁 亮', 1, 3, '13174220101', '嘉兴嘉善', '1994-03-28 00:00:00', 'tlh10202003@yahoo.com');
INSERT INTO `STUDENT` VALUES ('Y21003007', '228996342', '李明华', 0, 3, '13574220102', '金华兰溪', '1993-06-01 00:00:00', 'mimichoi276@yahoo.com');
INSERT INTO `STUDENT` VALUES ('Y21003008', '228996343', ' 金 晶', 1, 3, '13574220103', '学生宿舍', '1993-06-02 00:00:00', 'mapdhhljp@ncqfg.com');
INSERT INTO `STUDENT` VALUES ('Y21003009', '228996346', '张世庆', 1, 3, '13574220104', '湖州双林', '1995-06-03 00:00:00', 'godspnrel@eblox.com');
INSERT INTO `STUDENT` VALUES ('Y21003010', '228996348', '方汝滔', 1, 3, '13574220105', '衢州常山', '1993-06-04 00:00:00', 'wieiowzmq@jplop.com');
INSERT INTO `STUDENT` VALUES ('Y21003011', '228996349', '王 波', 1, 3, '13574220106', '北京朝阳区', '1993-06-05 00:00:00', 'wengsanc14l@yahoo.com');
INSERT INTO `STUDENT` VALUES ('Y21003012', '228996351', '颜俊俊', 1, 3, '13374220107', '衢州龙游', '1993-06-06 00:00:00', 'wengsanc15l@yahoo.com');
INSERT INTO `STUDENT` VALUES ('Y21003013', '228996352', '刘雪琼', 0, 3, '13374220108', '绍兴嵊州', '1994-09-08 00:00:00', 'wengsanc16l@yahoo.com');
INSERT INTO `STUDENT` VALUES ('Y21003014', '228996353', '胡晓奕', 0, 3, '13374220109', '学生宿舍', '1994-12-06 00:00:00', 'wengsanc17l@yahoo.com');
INSERT INTO `STUDENT` VALUES ('Y21003015', '228996357', '王莉莉', 0, 3, '13374220110', '湖州杨家埠', '1995-01-20 00:00:00', NULL);
INSERT INTO `STUDENT` VALUES ('Y21003016', '228996362', '金辉', 1, 3, '13574220111', '台州温岭', '1994-07-07 00:00:00', 'wengsanc19l@yahoo.com');
INSERT INTO `STUDENT` VALUES ('Y21003017', '228996364', '郑峰', 1, 3, '13574220112', '北京海淀区', '1994-12-07 00:00:00', 'wengsanc20l@yahoo.com');
INSERT INTO `STUDENT` VALUES ('Y21003018', '228996365', '何国英', 1, 3, '13574220113', '台州温岭', '1993-05-14 00:00:00', NULL);
INSERT INTO `STUDENT` VALUES ('Y21003019', '228996370', '方振', 1, 3, '13574220114', '台州三门', '1995-02-11 00:00:00', 'wengsanc22l@yahoo.com');
INSERT INTO `STUDENT` VALUES ('Y21003020', '228996371', '雷应飞', 1, 3, '13574220115', '湖州吴兴区', '1994-03-31 00:00:00', 'wengsanc23l@yahoo.com');
COMMIT;

-- ----------------------------
-- Table structure for SUBJECT
-- ----------------------------
DROP TABLE IF EXISTS `SUBJECT`;
CREATE TABLE `SUBJECT` (
  `ID` int(22) NOT NULL COMMENT '科目编号',
  `NAME` varchar(50) COLLATE utf8mb4_unicode_ci DEFAULT NULL COMMENT '科目名称',
  `HOURS` int(9) DEFAULT NULL COMMENT '学时',
  `GRADE_ID` int(22) DEFAULT NULL COMMENT '所属年级',
  PRIMARY KEY (`ID`)
) ENGINE=InnoDB DEFAULT CHARSET=utf8mb4 COLLATE=utf8mb4_unicode_ci;

-- ----------------------------
-- Records of SUBJECT
-- ----------------------------
BEGIN;
INSERT INTO `SUBJECT` VALUES (1, '走进Java编程世界', 55, 1);
INSERT INTO `SUBJECT` VALUES (2, 'HTML和CSS网页技术', 60, 1);
INSERT INTO `SUBJECT` VALUES (3, 'C#语言和数据库技术', 70, 1);
INSERT INTO `SUBJECT` VALUES (4, '使用C#语言开发数据库应用系统', 36, 1);
INSERT INTO `SUBJECT` VALUES (5, '深入.NET平台和C#编程', 76, 2);
INSERT INTO `SUBJECT` VALUES (6, '设计MySchool数据库', 42, 2);
INSERT INTO `SUBJECT` VALUES (7, '基于.NET平台的软件系统分层开发', 44, 2);
INSERT INTO `SUBJECT` VALUES (8, '面向对象程序设计', 59, 2);
INSERT INTO `SUBJECT` VALUES (9, '使用JavaScript增强交互效果', 40, 2);
INSERT INTO `SUBJECT` VALUES (10, '使用Java EE技术开发新闻发布系统', 55, 2);
INSERT INTO `SUBJECT` VALUES (11, '使用ASP.NET技术开发网上书店', 86, 3);
INSERT INTO `SUBJECT` VALUES (12, '开发基于Ajax和控件技术的Web应用系', 60, 3);
INSERT INTO `SUBJECT` VALUES (13, '使用Java框架技术开发网上信息发布系统', 52, 3);
INSERT INTO `SUBJECT` VALUES (14, '使用Java企业级技术开发企业应用', 68, 3);
COMMIT;

SET FOREIGN_KEY_CHECKS = 1;
